2/8/2020 23:59,1001,b'@HiddenCash @netflix My mom was my biggest conflict. Shes the reason I hate going home and why I moved out. Our rel\xe2\x80\xa6 https://t.co/KZYltun1u6',#netflix lang:en
2/8/2020 23:59,1002,b'@Lukesylvia96 @KingPoloRich @Jessegator02 @davidebiddle @CFB_Hype @BR_CFB Hurt? Buddy im still riding that national\xe2\x80\xa6 https://t.co/hSspuRQEsO',#netflix lang:en
2/8/2020 23:59,1003,"b'RT @ChaseMit: Netflix Documentary: High, floating drone shot of a small town\n\nMe: I am fuckin in'",#netflix lang:en
2/8/2020 23:59,1004,b'I\xe2\x80\x99ve watched all my current shows on Hulu and Netflix. Need some recommendations to get me through the rest of the\xe2\x80\xa6 https://t.co/KSAPJvaSZq',#netflix lang:en
2/8/2020 23:59,1005,b'@danvadeboncoeur I\xe2\x80\x99ve seen 7 films at @LandmarkCinemas and the other 2 on Netflix.',#netflix lang:en
2/8/2020 23:59,1006,"b'RT @EyesOnQ: Report: Corporate Facilitators of Porn, Prostitution, Trafficking Include TikTok, Amazon, Netflix, Twitter, Google https://t.c\xe2\x80\xa6'",#netflix lang:en
2/8/2020 23:59,1007,b'RT @BobsLessons: Why am I not surprised #Netflix won\xe2\x80\x99t pick this one up...? Start to analyze what is being shown to you and what\xe2\x80\x99s being hi\xe2\x80\xa6',#netflix lang:en
2/8/2020 23:59,1008,b'RT @VictorPopeJr: Netflix originals used to be certified bangers. Now they just drop what tf ever.',#netflix lang:en
2/8/2020 23:59,1009,b'@onlineryn it\xe2\x80\x99s on netflix\xf0\x9f\x98\x82\xf0\x9f\x98\x82',#netflix lang:en
2/8/2020 23:59,1010,"b'RT @EyesOnQ: Report: Corporate Facilitators of Porn, Prostitution, Trafficking Include TikTok, Amazon, Netflix, Twitter, Google https://t.c\xe2\x80\xa6'",#netflix lang:en
2/8/2020 23:59,1011,"b'RT @ChaseMit: Netflix Documentary: High, floating drone shot of a small town\n\nMe: I am fuckin in'",#netflix lang:en
2/8/2020 23:59,1012,b'RT @VictorPopeJr: Netflix make perfect tv shows that u can text or fuck while it\xe2\x80\x99s in the background. If u really give them all your attent\xe2\x80\xa6',#netflix lang:en
2/8/2020 23:59,1013,b'RT @VictorPopeJr: Netflix make perfect tv shows that u can text or fuck while it\xe2\x80\x99s in the background. If u really give them all your attent\xe2\x80\xa6',#netflix lang:en
2/8/2020 23:59,1014,"b'RT @johnnemann: Thinking about the Netflix auto-play thing, videogame design, and metrics of engagement vs what people actually enjoy. If y\xe2\x80\xa6'",#netflix lang:en
2/8/2020 23:59,1015,"b'RT @EyesOnQ: Report: Corporate Facilitators of Porn, Prostitution, Trafficking Include TikTok, Amazon, Netflix, Twitter, Google https://t.c\xe2\x80\xa6'",#netflix lang:en
2/8/2020 23:59,1016,"b'So I was at my parent\xe2\x80\x99s house the other day and my sister randomly goes \xe2\x80\x9coooh - I\xe2\x80\x99ve found a lesbian comedian, you\xe2\x80\x99\xe2\x80\xa6 https://t.co/uuP2tXlgbB'",#netflix lang:en
2/8/2020 23:59,1017,"b'RT @ChaseMit: Netflix Documentary: High, floating drone shot of a small town\n\nMe: I am fuckin in'",#netflix lang:en
2/8/2020 23:58,1018,b'@laurieontech Did you watch the Toys That Made Us episode on LEGO on Netflix? I learned some neat things I hadn\xe2\x80\x99t known before!',#netflix lang:en
2/8/2020 23:58,1019,b'RT @VictorPopeJr: Netflix make perfect tv shows that u can text or fuck while it\xe2\x80\x99s in the background. If u really give them all your attent\xe2\x80\xa6',#netflix lang:en
2/8/2020 23:58,1020,"b'RT @JorCru: If you want to know why Merritt Wever would physically hide herself from view on an awards stage please, PLEASE read this profi\xe2\x80\xa6'",#netflix lang:en
2/3/2020 17:35,1021,b'Da oggi Netflix ha reso disponibili i primi 7 film realizzati dallo Studio Ghibli di Miyazaki. Un\xe2\x80\x99ottima occasione\xe2\x80\xa6 https://t.co/IRkF8SyLzG',#netflix lang:en
2/3/2020 17:34,1022,"b""Le Bizzarre Avventure di JoJo arriver\xc3\xa0 presto su #Netflix? - Leggi l'articolo completo su: https://t.co/OKkCOpQM09\xe2\x80\xa6 https://t.co/NZhLE24puZ""",#netflix lang:en
2/3/2020 17:34,1023,b'RT @Mario52338411: Dai ragazzi che a fine mese Netflix sgancer\xc3\xa0 a sorpresa il trailer della quarta stagione di Skam Italia e alla fine usci\xe2\x80\xa6',#netflix lang:en
2/3/2020 17:31,1024,b'Netflix presenta Luna Nera con un\xe2\x80\x99installazione contro la persecuzione delle donne \xe2\x9c\x94\xef\xb8\x8f https://t.co/Omh4nRVvIj',#netflix lang:en
2/3/2020 17:30,1025,b'@isgalad ma gli esempi che diceva wesa nel video mi hanno fatto accapponare la pelle. fortuna che netflix ha anche\xe2\x80\xa6 https://t.co/reo3gVTysv',#netflix lang:en
2/3/2020 17:29,1026,b'IL NUOVO DRAMA DI PARK SEO-JOON \xc3\x88 SU NETFLIX MI SENTITE URLAREEEEEEE anche oggi si studia domani',#netflix lang:en
2/3/2020 17:22,1027,"b""Fatevi un favore: i film Ghibli su Netflix guardateli in lingua originale sottotitolati perch\xc3\xa9 l'adattamento italia\xe2\x80\xa6 https://t.co/dqQviDdSkP""",#netflix lang:en
2/3/2020 17:19,1028,b'Notte sul pianeta Terra il documentario sulla natura notturna di Netflix https://t.co/AZrtrdnVxk',#netflix lang:en
2/3/2020 17:19,1029,"b'RT @koeforoi: Netflix, non si sente il mare, ma Cannarsi https://t.co/x9vV7mmqVH via @YouTube'",#netflix lang:en
2/3/2020 17:18,1030,"b'Unpopular opinion: Netflix dovrebbe avere gli stessi film e le stesse serie tv per ogni paese, non \xc3\xa8 giusto che da\xe2\x80\xa6 https://t.co/j5K5vPJOm0'",#netflix lang:en
2/3/2020 17:18,1031,"b'#AdamSandler e accordo esteso per altri 4 film\nDopo il successo di Murder Mystery, Netflix e Happy Madison andranno\xe2\x80\xa6 https://t.co/9OsRu0v15A'",#netflix lang:en
2/3/2020 17:15,1032,"b'Stamattina su L\'Economia del @Corriere con l\'intervista al Presidente di #Auditel, Andrea Imperiali:\n""Non c\'\xc3\xa8\xe2\x80\xa6 https://t.co/DT5mR340s7'",#netflix lang:en
2/3/2020 17:15,1033,"b'Come si selezionano i ""Top Player"" in un\'azienda?\n\nChi si occupa di risorse umane chiede sempre come @netflix , dov\xe2\x80\xa6 https://t.co/CQZXtmGKq2'",#netflix lang:en
2/3/2020 17:11,1034,"b""Le #news dallo spettacolo: su #Netflix l'ultima stagione di #TheCrown - #cinema nuovo film per #BradleyCooper\xe2\x80\xa6 https://t.co/wIwp91MaCy""",#netflix lang:en
2/3/2020 17:05,1035,b'RT @minuzzzzzzz: Non ci fossero Netflix e il telefono sarei laureato',#netflix lang:en
2/3/2020 16:59,1036,b'Netflix: come scoprire la prima cosa che hai trasmesso in\xc2\xa0streaming https://t.co/meVpMTL1Qs',#netflix lang:en
2/3/2020 16:56,1037,"b'@scrivodizain Operazione amore (plan c\xc5\x93ur) \xc3\xa8 francese. \xc3\x88 simpatica ed \xc3\xa8 molto molto carina, con il classico tocco d\xe2\x80\xa6 https://t.co/0N2B5afZGn'",#netflix lang:en
2/3/2020 16:56,1038,b'https://t.co/SjmxTUn63c\nGrazie #AntoniaFotaras\n\n#lunanera #netflix \nLeggi su https://t.co/yRZfmNJMuQ \xf0\x9f\x97\x9e\xf0\x9f\x93\xb0',#netflix lang:en
2/3/2020 16:54,1039,b'RT @astaniscia86: I sistemi di raccomandazione content-based o collaborative filtering lasciano spazio sempre pi\xc3\xb9 alla curation editoriale\xe2\x80\xa6',#netflix lang:en
2/3/2020 16:53,1040,b'Ho finito You e fino al 2021 sono in crisi. Cosa mi consigliate su Netflix?',#netflix lang:en
2/3/2020 16:50,1041,b'#MartinScorsese #RobertDeNiro una proficua collaborazione che dura da 50 anni in 9 film \xf0\x9f\x8e\xac\xf0\x9f\x8e\xac\xf0\x9f\x8e\xac https://t.co/gCocBiStkL',#netflix lang:en
2/3/2020 16:49,1042,b'I sistemi di raccomandazione content-based o collaborative filtering lasciano spazio sempre pi\xc3\xb9 alla curation edito\xe2\x80\xa6 https://t.co/RQCTGEpWQH',#netflix lang:en
2/3/2020 16:46,1043,"b""Locke &amp; Key: disponibile la nuova edizione del #Fumetto che ha ispirato la serie Netflix - Leggi l'articolo complet\xe2\x80\xa6 https://t.co/83Ok15w7iv""",#netflix lang:en
2/3/2020 16:45,1044,"b""Oh c'\xc3\xa8 una nuova serie italiana su Netflix con le streghe non vedo l'ora di guardarla""",#netflix lang:en
2/3/2020 16:42,1045,"b'la gente che si mette a guardare adesso i film ghibli su netflix non sono solo fan di anime, ma magari persone che\xe2\x80\xa6 https://t.co/nxJ2BwFfiX'",#netflix lang:en
2/3/2020 16:41,1046,"b'Netflix, non si sente il mare, ma Cannarsi https://t.co/l4gshGNWEt #StudioGhibli'",#netflix lang:en
2/3/2020 16:40,1047,"b'Netflix, non si sente il mare, ma Cannarsi https://t.co/x9vV7mmqVH via @YouTube'",#netflix lang:en
2/3/2020 16:29,1048,"b'@Drugo_79 @sivabendaiciao 29 di Sky e 14,99 di Netflix. Timvision lo ricevo senza vederlo solo perch\xc3\xa9 \xc3\xa8 incluso nel\xe2\x80\xa6 https://t.co/GPfEFrknvQ'",#netflix lang:en
2/3/2020 16:27,1049,b'Cosa sta arrivando su Netflix nel febbraio\xc2\xa02020 https://t.co/Aqzo2Jpn3O https://t.co/aIaU3Gbhsq',#netflix lang:en
2/3/2020 16:27,1050,b'The Stranger Stagione 2: perch\xc3\xa9 probabilmente non torner\xc3\xa0 su\xc2\xa0Netflix https://t.co/hID477x1yO https://t.co/H7lPSUEGsZ',#netflix lang:en
2/3/2020 16:19,1051,b'NETFLIX e dopo questo \xf0\x9f\xa4\xa9\xf0\x9f\xa4\xa9 che bellezza!! https://t.co/VQQyh6gNOt',#netflix lang:en
2/3/2020 16:17,1052,b'Dico solo che oggi ho sentito qualcuno dire che il coronavirus \xc3\xa8 la mutazione di un #vaccino che \xc3\xa8 sfuggita al cont\xe2\x80\xa6 https://t.co/afHxRXgTtj',#netflix lang:en
2/3/2020 16:09,1053,b'RT @playblog_it: Plex lancia un servizio di streaming gratis anche in Italia \xe2\x9d\xa4 https://t.co/xkvQhs46Pl \xe2\x9d\xa4\xf0\x9f\x8d\xbf #Playblog #Tecnologia #Netflix #A\xe2\x80\xa6',#netflix lang:en
2/3/2020 16:08,1054,b'Plex lancia un servizio di streaming gratis anche in Italia \xe2\x9d\xa4 https://t.co/xkvQhs46Pl \xe2\x9d\xa4\xf0\x9f\x8d\xbf #Playblog #Tecnologia\xe2\x80\xa6 https://t.co/rejbBEiFNt',#netflix lang:en
2/3/2020 16:03,1055,b'Saint Seiya - La seconda parte della serie di Netflix in 6 minuti\nhttps://t.co/sHKLjgaxSZ',#netflix lang:en
2/3/2020 16:02,1056,"b'Gi\xc3\xa0 adattata nel 1996, con Danny De Vito e Mara Wilson, la pellicola potrebbe avere nel cast Ralph Fiennes ed Emma\xe2\x80\xa6 https://t.co/5lv6GfEfHo'",#netflix lang:en
2/3/2020 15:40,1057,"b""RT @msfabiola_: @emmashands NON MI FARE PENSARE!! Potevano dare almeno un'ultima stagione finale e invece quella merda di netflix ci hanno\xe2\x80\xa6""",#netflix lang:en
2/3/2020 15:37,1058,b'https://t.co/pr2ZpGYC0y\n\nResident Evil sbarca su Netflix!\nEcco quello che si s\xc3\xa0.\n#netflix #ResidentEvil #serietv #4gamehz',#netflix lang:en
2/3/2020 15:34,1059,b'Il nuovo capolavoro dei fratelli #Safdi #DiamantiGrezzi #UncutGems #Netflix https://t.co/hXVC5MKxxV',#netflix lang:en
2/3/2020 15:16,1060,"b'@Uomomagnetico @NetflixIT Questi per\xc3\xb2 erano gi\xc3\xa0 cos\xc3\xac, non sono stati ridoppiati per Netflix...'",#netflix lang:en
2/3/2020 15:10,1061,b'RT @ilpost: 15 film dello Studio Ghibli https://t.co/h9k5NEN6UO',#netflix lang:en
2/3/2020 15:08,1062,"b'@blunemkraz vero vero, vabb\xc3\xa8 spero che mettano il mese gratuito come su Netflix, cos\xc3\xac faccio la poraccia in tutto e per tutto'",#netflix lang:en
2/3/2020 14:51,1063,b'@Bel_Ami__ No anche Amazon Prime e Sky\xf0\x9f\xa4\xa6\xf0\x9f\x8f\xbb\xe2\x80\x8d\xe2\x99\x80\xef\xb8\x8f\xf0\x9f\xa4\xa6\xf0\x9f\x8f\xbb\xe2\x80\x8d\xe2\x99\x80\xef\xb8\x8f\xf0\x9f\xa4\xa6\xf0\x9f\x8f\xbb\xe2\x80\x8d\xe2\x99\x80\xef\xb8\x8f....ma Netflix per ora \xc3\xa8 la mia preferita...(lo so \xc3\xa8 un problema...\xf0\x9f\x98\x82\xf0\x9f\x98\x82\xf0\x9f\x98\x82\xf0\x9f\x98\x82\xf0\x9f\x98\x82\xf0\x9f\x98\x82\xf0\x9f\x98\x82)',#netflix lang:en
2/3/2020 14:45,1064,b'#SarahShahi nella serie @Netflix Sex/Life\nSi tratta di una dramedy in otto episodi #SexLife https://t.co/LvA4ekZe5H https://t.co/ExNIxF2PZn',#netflix lang:en
2/3/2020 14:25,1065,b'Luna Nera: Stagione 1 \xe2\x80\x93 La prima serie fantasy italiana di Netflix | Recensione https://t.co/6inuhEmnsg\xe2\x80\xa6 https://t.co/SNjZroGSEU',#netflix lang:en
2/3/2020 14:21,1066,b'Quando \xe2\x80\x9cUncut Gems\xe2\x80\x9d sar\xc3\xa0 su\xc2\xa0Netflix? https://t.co/MmXLWonjiT https://t.co/mzpI1LbsX3',#netflix lang:en
2/3/2020 14:20,1067,"b""Quando sar\xc3\xa0 l'episodio 15 (serie finale) di Power su Netflix\xc2\xa0UK? https://t.co/YOxlA30joV https://t.co/XGlbdyPc9n""",#netflix lang:en
2/3/2020 14:15,1068,b'@FabRavezzani @mepiaceoblues @JamesLucasIT @rickygervais Per la nostra generazione? Allora quando avr\xc3\xb2 tempo lo gua\xe2\x80\xa6 https://t.co/WBe9SllCu1',#netflix lang:en
2/3/2020 13:56,1069,"b'@RivistaStudio Per i miei gusti, il miglior film targato Netflix. Fatico a capire le critiche, sopratutto di chi lo\xe2\x80\xa6 https://t.co/5o3LMhahiD'",#netflix lang:en
2/3/2020 13:51,1070,"b""@emmashands NON MI FARE PENSARE!! Potevano dare almeno un'ultima stagione finale e invece quella merda di netflix c\xe2\x80\xa6 https://t.co/DJE8h0VEYi""",#netflix lang:en
2/3/2020 13:42,1071,"b""La gara a chi ha isolato il virus per primo \xc3\xa8 stata fatta molto meglio e con maggior drama negli anni 90 con l'HIV\xe2\x80\xa6 https://t.co/SKtNIqwQr4""",#netflix lang:en
2/3/2020 13:33,1072,"b'RT @claud9048: "" Impara la storia con Netflix "" colpisce ancora. https://t.co/huBaGrIbNy'",#netflix lang:en
2/3/2020 13:25,1073,b'@irlbuccellati Well speriamo arrivi anche su Netflix Ita',#netflix lang:en
2/3/2020 13:24,1074,"b""@Rihanna all'after party di #BAFTAs di @netflix tenuto al Chiltern Firehouse, a #Londra, ieri sera! \xf0\x9f\x87\xac\xf0\x9f\x87\xa7\xf0\x9f\x92\xaf\xf0\x9f\x98\x98\xe2\x80\xa6 https://t.co/Mw2v1iTJIv""",#netflix lang:en
2/3/2020 13:22,1075,b'The Witcher di Netflix: Henry Cavill commenta liconica scena della vasca da bagno -  #Witcher #Netflix: #Henry\xe2\x80\xa6 https://t.co/J0lDGNLQe6',#netflix lang:en
2/3/2020 13:17,1076,b'#LockeAndKey un nuovo trailer a una settimana dal debutto su @NetflixIT\nLa nuova serie tratta dal fumetto di Joe Hi\xe2\x80\xa6 https://t.co/dJdjMUMNzj',#netflix lang:en
2/3/2020 13:15,1077,b'Netflix non mi tentare per cortesia https://t.co/qATgn7i7Nq',#netflix lang:en
2/3/2020 13:12,1078,"b""Ma in tutti sti film Ghibli caricati da Netflix c'\xc3\xa8 l'adattamento di Cannarsi? Ditemi di s\xc3\xac altrimenti non li (ri)guardo""",#netflix lang:en
2/3/2020 13:11,1079,b'https://t.co/s7ttTDNYCu\nNon deludi mai\n#wesachannel #ghibli #GhibliStudio #Netflix',#netflix lang:en
2/3/2020 13:11,1080,"b'RT @RivistaStudio: Il film, da pochi giorni su Netflix, \xc3\xa8 come l\xe2\x80\x99opale nero: prezioso, ipnotico e forse anche un po\xe2\x80\x99 magico https://t.co/Wj\xe2\x80\xa6'",#netflix lang:en
2/3/2020 13:04,1081,b'Resident Evil: la riprese della serie tv di Netflix cominceranno a Giugno https://t.co/XeLx3Fa9NP',#netflix lang:en
2/3/2020 13:00,1082,b'\xe2\x87\x93 Le Bizzarre Avventure di Jojo: in arrivo su Netflix? \xe2\x87\x93\n\xe2\x9e\xa1 https://t.co/UJVxFjP4e0 \xe2\xac\x85\nMangaForever \xc3\xa8 anche su telegr\xe2\x80\xa6 https://t.co/R7mZUrYloC',#netflix lang:en
2/3/2020 13:00,1083,"b'\xf0\x9f\x93\xa3 Nuovo Podcast! ""S2-E21 Una corona per Flavio Aurelio"" su @Spreaker #attualita #badbatch #coronavirus\xe2\x80\xa6 https://t.co/SITgte9AP1'",#netflix lang:en
2/3/2020 12:56,1084,b'Le Bizzarre Avventure di Jojo arriva a Marzo su Netflix https://t.co/q7Vg8Il1N1',#netflix lang:en
2/3/2020 12:51,1085,b'Henry Cavill ci parla della famosa scena della vasca da bagno nella serie #TheWitcher di #Netflix. https://t.co/rGP611vOFc',#netflix lang:en
2/3/2020 12:48,1086,b'Today #watching I Racconti Di Terramare finalmente disponibili su #Netflix \xf0\x9f\xa4\x9f\xf0\x9f\x8f\xbb \nEnnesimo capolavoro dello\xe2\x80\xa6 https://t.co/hldU5tygc8',#netflix lang:en
2/3/2020 12:45,1087,"b'RT @Multiplayerit: Resident Evil, le riprese della serie Netflix inizieranno a giugno https://t.co/lecfdsyNhV'",#netflix lang:en
2/3/2020 12:42,1088,b'Dramma del giorno: voglio vedere Miss Americana ma non ho Netflix',#netflix lang:en
2/3/2020 12:40,1089,"b'La sicurezza del tuo conto bancario, del tuo account Netflix e della posta in arrivo dipende dalla protezione delle\xe2\x80\xa6 https://t.co/lWTXK0E7tG'",#netflix lang:en
2/3/2020 12:39,1090,"b'RT @Elisa25401708: #MissAmericana il nuovo documentario su #Netflix di #TaylorSwift \nConsiglio vivamente,\xc3\xa8 fatto molto bene e penso di aver\xe2\x80\xa6'",#netflix lang:en
2/3/2020 12:26,1091,"b""@melcutex Please like me! Sta su Netflix \xc3\xa9 queer e bellissima e non se la fila un'anima""",#netflix lang:en
2/3/2020 12:23,1092,b'Le bizzarre avventure di JoJo - In arrivo la prima stagione su Netflix https://t.co/rt3m2k2aVt https://t.co/gmx7FSJunl',#netflix lang:en
2/3/2020 12:18,1093,b'@alaffranchi Tra Marco Masini e Riki mi sposto un attimo su Netflix',#netflix lang:en
2/3/2020 12:09,1094,b'RT @playblog_it: Le Smart card SIM continua la crescita di mercato \xe2\x9d\xa4 https://t.co/8nk9YQyEm3 \xe2\x9d\xa4\xf0\x9f\x8d\xbf #Playblog #Tecnologia #Netflix #Apple #Prim\xe2\x80\xa6',#netflix lang:en
2/3/2020 12:09,1095,b'Adoro chi gestisce Netflix ahahah https://t.co/yhk04Elev8',#netflix lang:en
2/3/2020 12:08,1096,b'Le Smart card SIM continua la crescita di mercato \xe2\x9d\xa4 https://t.co/8nk9YQyEm3 \xe2\x9d\xa4\xf0\x9f\x8d\xbf #Playblog #Tecnologia #Netflix\xe2\x80\xa6 https://t.co/gWJ0mgfJ8X',#netflix lang:en
2/3/2020 12:08,1097,"b""RT @CuocoFiorellino: Volevo Netflix solo per guardare la Casa di Carta.\nSono 2 mesi che ce l'ho e ho guardato la qualunque tranne la Casa d\xe2\x80\xa6""",#netflix lang:en
2/3/2020 12:03,1098,"b""https://t.co/iTBWa9BRNB 'Luna Nera': com\xe2\x80\x99\xc3\xa8 nata la serie fantasy italiana targata Netflix https://t.co/zFvvVUcEex https://t.co/wMSNldZzOh""",#netflix lang:en
2/3/2020 11:58,1099,b'@Rowelence \xc3\x88 che sono tipo 2 settimane che sto alla play a giocare e a guardare netflix ahhah',#netflix lang:en
2/3/2020 11:56,1100,"b'RT @claud9048: "" Impara la storia con Netflix "" colpisce ancora.'",#netflix lang:en
2/3/2020 11:55,1101,"b'RT @claud9048: "" Impara la storia con Netflix "" colpisce ancora. https://t.co/huBaGrIbNy'",#netflix lang:en
2/3/2020 11:55,1102,"b'Resident Evil, le riprese della serie Netflix inizieranno a giugno https://t.co/lecfdsyNhV'",#netflix lang:en
2/3/2020 11:54,1103,b'@ChaysVa Andr\xc3\xb2 a vedere la programmazione di Rai Premium.\nLa Anna di Netflix non ha nulla a che vedere con quella del libro...',#netflix lang:en
2/3/2020 11:54,1104,"b'RT @claud9048: "" Impara la storia con Netflix "" colpisce ancora.'",#netflix lang:en
2/3/2020 11:51,1105,"b'RT @RivistaStudio: Il film, da pochi giorni su Netflix, \xc3\xa8 come l\xe2\x80\x99opale nero: prezioso, ipnotico e forse anche un po\xe2\x80\x99 magico https://t.co/Wj\xe2\x80\xa6'",#netflix lang:en
2/3/2020 11:45,1106,b'RT @minuzzzzzzz: Non ci fossero Netflix e il telefono sarei laureato',#netflix lang:en
2/3/2020 11:43,1107,"b""Luna Nera: ecco l'intervista al cast ed alle registe della serie @NetflixIT https://t.co/DLMAgpo5C7""",#netflix lang:en
2/3/2020 11:37,1108,b'RT @tswiftita_: \xf0\x9f\x8e\x9e Voi quale copertina di #MissAmericana avete su Netflix? \n\nProviamo a raccoglierle tutte! \n\n                \xe2\xac\x87\xef\xb8\x8fqui sotto \xe2\xac\x87\xef\xb8\x8f\xe2\x80\xa6',#netflix lang:en
2/3/2020 11:37,1109,"b'@montseapi Lho vista, \xc3\xa8 una serie di Netflix molto carina.'",#netflix lang:en
2/3/2020 11:33,1110,b'Le Bizzarre Avventure di Jojo \xe2\x80\x93 La serie animata arriver\xc3\xa0 presto su Netflix https://t.co/TLV1y0pJ23 #netflix',#netflix lang:en
2/3/2020 11:32,1111,"b'Tante le novit\xc3\xa0 di @NetflixIT per questo febbraio: da ""Diamanti Grezzi"" alla quinta stagione di ""Better Call Saul"".\xe2\x80\xa6 https://t.co/bIb9PTASmL'",#netflix lang:en
2/3/2020 11:25,1112,b'RIHANNA WAS AT A NETFLIX PARTY FBKFJDJFJFJ',#netflix lang:en
2/3/2020 11:22,1113,"b'Il nuovo originale Netflix italiano \xc3\xa8 Luna nera: serie tv, le novit\xc3\xa0 https://t.co/67JwbTKe3W'",#netflix lang:en
2/3/2020 11:15,1114,"b'indovinate chi ha intenzione di abbonarsi a Disney+?? come se non pagassi gi\xc3\xa0 netflix, spotify e compagnia bella :)'",#netflix lang:en
2/3/2020 11:07,1115,"b'Il nuovo originale Netflix italiano \xc3\xa8 Luna nera: serie tv, le novit\xc3\xa0 https://t.co/Q6qElQThfI https://t.co/kL1zftBHuK'",#netflix lang:en
2/3/2020 10:53,1116,b'SBAM  https://t.co/xtbEstp2Z5',#netflix lang:en
2/3/2020 10:44,1117,"b'sembra che anche ""Luna nera"", serie Netflix italiana, sia infestata dai cani sussurratori (leggi: attori italiani c\xe2\x80\xa6 https://t.co/FJsXiO6bGm'",#netflix lang:en
2/3/2020 10:29,1118,"b""@Rihanna all'after party di #BAFTAs di @netflix tenuto al Chiltern Firehouse, a #Londra, ieri sera! \xf0\x9f\x87\xac\xf0\x9f\x87\xa7\xf0\x9f\x92\xaf\xf0\x9f\x98\x98\xe2\x80\xa6 https://t.co/DNyvU1ASXa""",#netflix lang:en
2/3/2020 10:28,1119,b'@tladyinthetower Scusami sai se \xc3\xa8 stata cancellata ufficialmente ? Cio\xc3\xa8 netflix lo ha confermato ? \xf0\x9f\x98\xad\xf0\x9f\x98\xad\xf0\x9f\x98\xad',#netflix lang:en
2/3/2020 10:26,1120,b'Quali anteprime di Netflix e Amazon Prime Video per febbraio potrebbero interessarti se ti piacciono i\xc2\xa0videogiochi\xe2\x80\xa6 https://t.co/LZaj42oRi9',#netflix lang:en
2/3/2020 10:25,1121,"b""@Rihanna all'after party di #BAFTAs di @netflix tenuto al Chiltern Firehouse, a #Londra, ieri sera! \xf0\x9f\x87\xac\xf0\x9f\x87\xa7\xf0\x9f\x92\xaf\xf0\x9f\x98\x98\nVia\xe2\x80\xa6 https://t.co/zjgyikdxQF""",#netflix lang:en
2/3/2020 10:24,1122,"b'@RivistaStudio \xc3\x88 la fiera del ""cazzo"" ""porca troia"" ""figlio di puttana""... \xc3\xa8 una cagata pazzesca. Ma ormai @netflix\xe2\x80\xa6 https://t.co/QGsMX5xreW'",#netflix lang:en
2/3/2020 10:20,1123,"b'RT @claud9048: "" Impara la storia con Netflix "" colpisce ancora.'",#netflix lang:en
2/3/2020 10:19,1124,"b'@Pomp_c @AlbertoBagnai Su Netflix sono tradotte in maniera impeccabile. Ma ripeto, il mio \xc3\xa8 solo un suggerimento pe\xe2\x80\xa6 https://t.co/UpJ9jujgjw'",#netflix lang:en
2/3/2020 10:19,1125,b'Sto guardando su Netflix \xe2\x80\x9cS.H.I.E.L.D.\xe2\x80\x9d: in una puntata della prima stagione sono in treno in Italia in mezzo alla\xe2\x80\xa6 https://t.co/r0aBw1zaU3',#netflix lang:en
2/3/2020 10:16,1126,b'Non si pu\xc3\xb2 aspettare un anno. #residentevil https://t.co/yWpTiulKj8',#netflix lang:en
2/3/2020 10:15,1127,"b'#LunaNera - #Netflix (F.Manieri, L.Paolucci, T.Triana) ha una produzione impeccabile e un certo fascino, ma la regi\xe2\x80\xa6 https://t.co/ga0bVvDfqh'",#netflix lang:en
2/3/2020 9:45,1128,"b'RT @paintingttae: netflix che scrive per #MissAmericana \xe2\x80\x9ccon 10 grammy e 29 american music award vinti, taylor swift ha raggiunto la fama m\xe2\x80\xa6'",#netflix lang:en
2/3/2020 9:45,1129,"b""Volevo Netflix solo per guardare la Casa di Carta.\nSono 2 mesi che ce l'ho e ho guardato la qualunque tranne la Casa di Carta.""",#netflix lang:en
2/3/2020 9:43,1130,"b""@happytomlivson dal cellulare non si vede ma se apri skam Italia su Netflix, prima di premere play ed iniziare l'ep\xe2\x80\xa6 https://t.co/cWUFjY7VaE""",#netflix lang:en
2/3/2020 9:42,1131,"b'RT @RivistaStudio: Il film, da pochi giorni su Netflix, \xc3\xa8 come l\xe2\x80\x99opale nero: prezioso, ipnotico e forse anche un po\xe2\x80\x99 magico https://t.co/Wj\xe2\x80\xa6'",#netflix lang:en
2/3/2020 9:40,1132,"b'RT @RivistaStudio: Il film, da pochi giorni su Netflix, \xc3\xa8 come l\xe2\x80\x99opale nero: prezioso, ipnotico e forse anche un po\xe2\x80\x99 magico https://t.co/Wj\xe2\x80\xa6'",#netflix lang:en
2/3/2020 9:37,1133,"b""RT @for_could: comunque raga, su Netflix hanno aggiunto l'anteprima (appare la scena di Ele ed Eva che si parlano nei corridoi la prima vol\xe2\x80\xa6""",#netflix lang:en
2/3/2020 9:33,1134,"b'Il film, da pochi giorni su Netflix, \xc3\xa8 come l\xe2\x80\x99opale nero: prezioso, ipnotico e forse anche un po\xe2\x80\x99 magico https://t.co/WjKOdi2V7V'",#netflix lang:en
2/3/2020 9:30,1135,"b""Date un'occhiata a #Omniscient, una serie TV brasiliana da poco disponibile su #Netflix: parla di una citt\xc3\xa0 distopi\xe2\x80\xa6 https://t.co/YuHqXUnO7I""",#netflix lang:en
2/3/2020 9:23,1136,"b""RT @sentieriselvagg: Su Netflix l'ultimo grande film del decennio appena concluso, o il primo grande titolo della nuova decade: tutto sta a\xe2\x80\xa6""",#netflix lang:en
2/3/2020 9:21,1137,b'La serie Witcher Netflix promette di non commettere gli stessi errori nella sua seconda\xc2\xa0stagione\xe2\x80\xa6 https://t.co/vVbj6Ld8JE',#netflix lang:en
2/3/2020 9:13,1138,b'@tharnak Io spero che lo faccia pi\xc3\xb9 gente possibile. Le possibilit\xc3\xa0 che poi I loro film di merda diventino tipo que\xe2\x80\xa6 https://t.co/gPgyUVNCCi',#netflix lang:en
2/3/2020 9:11,1139,b'https://t.co/5d7PSQd2xd\n\nConsigli per #SanValentino su #Netflix @NetflixIT',#netflix lang:en
2/3/2020 9:06,1140,b'RT @BI_Italia: Per entrare a #Netflix non basta avere un bel Cv. Bisogna essere compatibili con la sua cultura aziendale. Queste domande ch\xe2\x80\xa6',#netflix lang:en
2/3/2020 9:03,1141,b'Per entrare a #Netflix non basta avere un bel Cv. Bisogna essere compatibili con la sua cultura aziendale. Queste d\xe2\x80\xa6 https://t.co/PI1j2OGt0J',#netflix lang:en
2/3/2020 9:02,1142,b'RT @MuseCOM: Netflix presenta Luna Nera con un\xe2\x80\x99installazione contro la persecuzione delle donne https://t.co/fkBG1hsbfd #digitalmarketing @\xe2\x80\xa6',#netflix lang:en
2/3/2020 8:52,1143,b'@ugolinic @ComplicatedHeli @AriannaFinos @MichiGreco @GinlucaArnone @malina2704 @Valeri0Sammarc0 @repubblica Non ve\xe2\x80\xa6 https://t.co/Q4PVABbxyH',#netflix lang:en
2/3/2020 8:36,1144,"b'[#TV\xe2\x86\x93] \xe2\x98\x85 #LucreziaGuidone, #FedericaFracassi e #BarbaraRonchi intervistate la #SerieTV #LunaNera di #Netflix \xe2\x98\x85\xe2\x80\xa6 https://t.co/92LkJd62FB'",#netflix lang:en
2/3/2020 8:35,1145,b'RT @MuseCOM: Netflix presenta Luna Nera con un\xe2\x80\x99installazione contro la persecuzione delle donne https://t.co/fkBG1hsbfd #digitalmarketing @\xe2\x80\xa6',#netflix lang:en
2/3/2020 8:32,1146,"b'[#TV\xe2\x86\x93] \xe2\x98\x85 #AntoniaFotaras, #AdalgisaManfrida e #ManuelaMandracchia intervistate la #SerieTV #LunaNera di #Netflix \xe2\x98\x85\xe2\x80\xa6 https://t.co/rgaGfLP6sJ'",#netflix lang:en
2/3/2020 8:29,1147,"b'Le 5 domande pi\xc3\xb9 difficili dei colloqui di lavoro in Netflix, svelate da chi ci ha lavorato https://t.co/yHe4rVQqWQ di @bi_italia'",#netflix lang:en
2/3/2020 8:28,1148,"b'[#TV\xe2\x86\x93] \xe2\x98\x85 #GiorgioBelli, #GloriaCarovana, #GiandomenicoCupaiuolo, #FilippoScotti intervistati per la #SerieTV\xe2\x80\xa6 https://t.co/E90BGshU9U'",#netflix lang:en
2/3/2020 8:07,1149,"b'Si stima che #Netflix spender\xc3\xa0 oltre 20 miliardi di dollari in contenuti nel 2020, un aumento di 5 volte rispetto a\xe2\x80\xa6 https://t.co/ZnmKyBydCJ'",#netflix lang:en
2/3/2020 7:54,1150,"b'Arriva in contemporanea su #netflix la prima stagione di #lockeandkey, dai fumetti della #idwcomics... https://t.co/z37fFZ79Nv'",#netflix lang:en
2/3/2020 7:49,1151,b'RT @MuseCOM: Netflix presenta Luna Nera con un\xe2\x80\x99installazione contro la persecuzione delle donne https://t.co/fkBG1hsbfd #digitalmarketing @\xe2\x80\xa6',#netflix lang:en
2/3/2020 7:45,1152,b'RT @minuzzzzzzz: Non ci fossero Netflix e il telefono sarei laureato',#netflix lang:en
2/3/2020 7:44,1153,b'Non solo #Sanremo2020 tutte le novit\xc3\xa0 in streaming della settimana su @NetflixIT @infinitytv_it @PrimeVideoIT\xe2\x80\xa6 https://t.co/qIVr83g2pr',#netflix lang:en
2/3/2020 6:51,1154,"b'RT @claud9048: "" Impara la storia con Netflix "" colpisce ancora.'",#netflix lang:en
2/3/2020 6:50,1155,b'Due cose mi colpiscono in questo ritratto di #harlancobain su \xe2\x81\xa6@libe\xe2\x81\xa9 1) per ogni romanzo raccoglie e da\xe2\x80\x99 in benefi\xe2\x80\xa6 https://t.co/d1izzIxySM',#netflix lang:en
2/3/2020 6:50,1156,b'RT @MuseCOM: Netflix presenta Luna Nera con un\xe2\x80\x99installazione contro la persecuzione delle donne https://t.co/fkBG1hsbfd #digitalmarketing @\xe2\x80\xa6',#netflix lang:en
2/3/2020 6:50,1157,b'RT @MuseCOM: Netflix presenta Luna Nera con un\xe2\x80\x99installazione contro la persecuzione delle donne https://t.co/fkBG1hsbfd #digitalmarketing @\xe2\x80\xa6',#netflix lang:en
2/3/2020 6:50,1158,b'RT @MuseCOM: Netflix presenta Luna Nera con un\xe2\x80\x99installazione contro la persecuzione delle donne https://t.co/fkBG1hsbfd #digitalmarketing @\xe2\x80\xa6',#netflix lang:en
2/3/2020 6:49,1159,b'RT @MuseCOM: Netflix presenta Luna Nera con un\xe2\x80\x99installazione contro la persecuzione delle donne https://t.co/fkBG1hsbfd #digitalmarketing @\xe2\x80\xa6',#netflix lang:en
2/3/2020 6:49,1160,"b'RT @claud9048: "" Impara la storia con Netflix "" colpisce ancora. https://t.co/huBaGrIbNy'",#netflix lang:en
2/3/2020 6:48,1161,b'RT @MuseCOM: Netflix presenta Luna Nera con un\xe2\x80\x99installazione contro la persecuzione delle donne https://t.co/fkBG1hsbfd #digitalmarketing @\xe2\x80\xa6',#netflix lang:en
2/3/2020 6:45,1162,"b'RT @claud9048: "" Impara la storia con Netflix "" colpisce ancora. https://t.co/huBaGrIbNy'",#netflix lang:en
2/3/2020 6:38,1163,"b'RT @claud9048: "" Impara la storia con Netflix "" colpisce ancora.'",#netflix lang:en
2/3/2020 6:36,1164,b'Netflix presenta Luna Nera con un\xe2\x80\x99installazione contro la persecuzione delle donne https://t.co/fkBG1hsbfd\xe2\x80\xa6 https://t.co/9o1m69KlVo',#netflix lang:en
2/3/2020 6:22,1165,"b""Comunque Netflix non mi ha messo tutto inuyasha e questa cosa mi urta l'anima e non poco""",#netflix lang:en
2/3/2020 6:19,1166,b'Come guardare i film dello Studio Ghibli su Netflix https://t.co/AfJjTtT25y',#netflix lang:en
2/3/2020 6:17,1167,b'12 film scandalosamente divertenti su Netflix in questo\xc2\xa0momento https://t.co/sRD07l4fPB https://t.co/eRmiZnXuUu',#netflix lang:en
2/3/2020 6:16,1168,"b'@sivabendaiciao Sky , netflix quello di mia figlia'",#netflix lang:en
2/3/2020 6:12,1169,"b""@claud9048 @Amos8125 Ma quando Netflix riempie di africani ogni serie storica o ambientata in Europa ante '900, tor\xe2\x80\xa6 https://t.co/aRF9LNE04D""",#netflix lang:en
2/3/2020 6:06,1170,b'RT @ilpost: 15 film dello Studio Ghibli https://t.co/h9k5NEN6UO',#netflix lang:en
2/3/2020 5:58,1171,"b'I migliori film su Netflix in questo momento,\xc2\xa0classificati https://t.co/0K6AZl5vT8 https://t.co/BImdZiH80v'",#netflix lang:en
2/3/2020 5:38,1172,b'RT @tswiftita_: \xf0\x9f\x8e\x9e Voi quale copertina di #MissAmericana avete su Netflix? \n\nProviamo a raccoglierle tutte! \n\n                \xe2\xac\x87\xef\xb8\x8fqui sotto \xe2\xac\x87\xef\xb8\x8f\xe2\x80\xa6',#netflix lang:en
2/3/2020 4:03,1173,"b'RT @claud9048: "" Impara la storia con Netflix "" colpisce ancora. https://t.co/huBaGrIbNy'",#netflix lang:en
2/3/2020 3:28,1174,"b'RT @claud9048: "" Impara la storia con Netflix "" colpisce ancora. https://t.co/huBaGrIbNy'",#netflix lang:en
2/3/2020 3:22,1175,"b'RT @claud9048: "" Impara la storia con Netflix "" colpisce ancora.'",#netflix lang:en
2/3/2020 3:20,1176,b'Pok\xc3\xa9mon: Mewtwo colpisce ancora Evolution debutta in esclusiva su Netflix il mese\xc2\xa0prossimo https://t.co/2f7Wj5Ura4',#netflix lang:en
2/3/2020 3:20,1177,b'Cosa sta arrivando su Netflix DVD nel febbraio\xc2\xa02020 https://t.co/AUceUIMPwe https://t.co/ZhDOpdrQyx',#netflix lang:en
2/3/2020 2:24,1178,b'Netflix presenta Luna Nera con un\xe2\x80\x99installazione contro la persecuzione delle donne https://t.co/kmUuhybFal https://t.co/xx7AbPdbc7',#netflix lang:en
2/3/2020 1:37,1179,b'@grazieniaII Si ma se non erro o hai rotto giorni per mettere i soldi e ti danno ancora la possibilit\xc3\xa0 di entrare s\xe2\x80\xa6 https://t.co/lh3Xvr2LAO',#netflix lang:en
2/3/2020 1:21,1180,b'Cosa sta arrivando su Netflix a gennaio\xc2\xa02020 https://t.co/7ZZg5yLZla https://t.co/yQzCRwxxke',#netflix lang:en
2/3/2020 1:11,1181,"b'"" Impara la storia con Netflix "" colpisce ancora. https://t.co/huBaGrIbNy'",#netflix lang:en
2/3/2020 1:00,1182,"b'E niente, la prima stagione finisce sul pi\xc3\xb9 bello, ed io cos\xc3\xac...\n#RagnarokNetflix #netflix #ragnarok https://t.co/RAY7OCMP0f'",#netflix lang:en
2/3/2020 0:59,1183,b'Si ma potevano allungarla un po\xe2\x80\x99 di pi\xc3\xb9 e farla un po\xe2\x80\x99 pi\xc3\xb9 \xe2\x80\x9ccorposa\xe2\x80\x9d questa prima stagione....i presupposti certo n\xe2\x80\xa6 https://t.co/VXe5IGr3tl',#netflix lang:en
2/3/2020 0:59,1184,b'Netflix lancia il trailer completo di Narcos: Mexico Stagione\xc2\xa02 https://t.co/4QDPl3rq3M',#netflix lang:en
2/3/2020 0:11,1185,b'RT @minuzzzzzzz: Non ci fossero Netflix e il telefono sarei laureato',#netflix lang:en
2/3/2020 0:06,1186,"b""RT @for_could: comunque raga, su Netflix hanno aggiunto l'anteprima (appare la scena di Ele ed Eva che si parlano nei corridoi la prima vol\xe2\x80\xa6""",#netflix lang:en
2/2/2020 23:39,1187,b'RT @playblog_it: Notte sul pianeta Terra il documentario sulla natura notturna di Netflix \xe2\x9d\xa4 https://t.co/3eKwyzu8t8 \xe2\x9d\xa4\xf0\x9f\x8d\xbf #Playblog #Tecnologi\xe2\x80\xa6',#netflix lang:en
2/2/2020 23:38,1188,b'Notte sul pianeta Terra il documentario sulla natura notturna di Netflix \xe2\x9d\xa4 https://t.co/3eKwyzu8t8 \xe2\x9d\xa4\xf0\x9f\x8d\xbf #Playblog\xe2\x80\xa6 https://t.co/cXw5LLDf8A',#netflix lang:en
2/2/2020 23:16,1189,b'RT @ilpost: 15 film dello Studio Ghibli https://t.co/h9k5NEN6UO',#netflix lang:en
2/2/2020 23:04,1190,b'Film interessanti usciti su Netflix? Se non vi cuoro \xc3\xa8 perch\xc3\xa9 li ho visti.',#netflix lang:en
2/2/2020 23:00,1191,"b'Serie poco pubblicizzata, ma di valore. Orzak (Netflix)'",#netflix lang:en
2/2/2020 22:52,1192,"b""comunque raga, su Netflix hanno aggiunto l'anteprima (appare la scena di Ele ed Eva che si parlano nei corridoi la\xe2\x80\xa6 https://t.co/bJFLCxV5Yl""",#netflix lang:en
2/2/2020 22:48,1193,"b'Sto guardando su Netflix \xe2\x80\x9cLa luna Nera\xe2\x80\x9d una serie sulla caccia alle streghe, prodotta in Italia, con molto potenzia\xe2\x80\xa6 https://t.co/iAaQgFgt7I'",#netflix lang:en
2/2/2020 22:44,1194,b'RT @minuzzzzzzz: Non ci fossero Netflix e il telefono sarei laureato',#netflix lang:en
2/2/2020 22:37,1195,"b'@rizortina Ares, appena uscito su netflix lo hai visto?'",#netflix lang:en
2/2/2020 22:30,1196,"b'Da completo idiota non riesce a fare funzionale lo schermo, quando finalmente ce la fa ci piazza su Ororo (tipo Net\xe2\x80\xa6 https://t.co/nigbUmjSxH'",#netflix lang:en
2/2/2020 22:27,1197,"b'Ogni film di Adam Sandler su Netflix,\xc2\xa0classificato https://t.co/ngVqQizTW6 https://t.co/9i5I1pdN7t'",#netflix lang:en
2/2/2020 22:27,1198,"b'@toomvchthinking A me era piaciuto il film \xf0\x9f\x91\x89\xf0\x9f\x91\x88 mi accontento di poco, leggo Avatar e per me \xc3\xa8 gi\xc3\xa0 bellissimo cos\xc3\xac, q\xe2\x80\xa6 https://t.co/s7cjbKS40A'",#netflix lang:en
2/2/2020 22:26,1199,"b'Perenne indecisione su cosa guardare su Netflix, finita una serie ti rimane un vuoto e ti chiedi \xe2\x80\x9ce adesso cosa fac\xe2\x80\xa6 https://t.co/ectpBTTi5M'",#netflix lang:en
2/2/2020 22:25,1200,b'Rise of Empires Ottoman Stagione 2: Netflix Renewal Status &amp,#netflix lang:en
2/8/2020 23:58,1201,"b'RT @EmilyGerren: Hey @disneyplus, if the subtitles can specify that someone in The Mandalorian is speaking Huttese, maybe in Moana they cou\xe2\x80\xa6'",#disneyplus lang:en
2/8/2020 23:53,1202,b'@AndrewKeesee @unflinching @disneyplus Ok ok I\xe2\x80\x99m sorry thank you',#disneyplus lang:en
2/8/2020 23:53,1203,"b'RT @kcdiversity: New #Pixar short film on #DisneyPlus has a non-verbal, girl of color with #Autism as the lead https://t.co/dC87wRCRC0'",#disneyplus lang:en
2/8/2020 23:52,1204,"b""@disneyplus can't even get streaming right... It's sad when the biggest animation company on the planet can't even do it right""",#disneyplus lang:en
2/8/2020 23:52,1205,b'@radiodisney @BTS_twt @taylorswift13 @ShawnMendes @disneyplus #rm from bts \xf0\x9f\x98\xa4\xf0\x9f\x92\x9c',#disneyplus lang:en
2/8/2020 23:52,1206,b'@radiodisney @DdaengLife @BTS_twt @taylorswift13 @ShawnMendes @disneyplus Definitely #RM from @BTS_twt \xf0\x9f\xa5\xb0\xf0\x9f\x92\x9c\xf0\x9f\x92\x9c\xf0\x9f\x92\x9c\xf0\x9f\x92\x9c\xf0\x9f\x92\x9c\xf0\x9f\x92\x9c\xf0\x9f\x92\x9c\xf0\x9f\x92\x9c\xf0\x9f\x92\x9c\xf0\x9f\x92\x9c\xf0\x9f\x92\x9c\xf0\x9f\x92\x9c',#disneyplus lang:en
2/8/2020 23:50,1207,b'@radiodisney @BTS_twt @taylorswift13 @ShawnMendes @disneyplus #RM from @BTS_twt. Kpop idols are taught how to be M.\xe2\x80\xa6 https://t.co/B6sLDl3sSD',#disneyplus lang:en
2/8/2020 23:49,1208,"b'@youarepickl @unflinching @disneyplus People who arent on dark mode (like me) cant see the bear, people want to see\xe2\x80\xa6 https://t.co/XHgsrCus8X'",#disneyplus lang:en
2/8/2020 23:48,1209,b'@vxmin95OT7 @radiodisney @BTS_twt @taylorswift13 @ShawnMendes @disneyplus i knew there was something different on her outfit \xf0\x9f\x98\x82',#disneyplus lang:en
2/8/2020 23:48,1210,b'RT @tfranco84: Just watched #TimmyFailure on @disneyplus. Been looking forward to it since D23. It\xe2\x80\x99s a really fun movie. Check it out! http\xe2\x80\xa6',#disneyplus lang:en
2/8/2020 23:47,1211,b'@radiodisney @BTS_twt @taylorswift13 @ShawnMendes @disneyplus #RM from @BTS_twt\nGooo',#disneyplus lang:en
2/8/2020 23:47,1212,b'@radiodisney @BTS_twt @taylorswift13 @ShawnMendes @disneyplus RM definitely',#disneyplus lang:en
2/8/2020 23:45,1213,"b""@disneyplus where's the watcher in the woods?""",#disneyplus lang:en
2/8/2020 23:45,1214,b'RT @AmazingNerdShow: New! Ep 109! This week we review #GretelAndHansel &amp,#disneyplus lang:en
2/8/2020 23:44,1215,b'Our friend #TomMcCarthy wrote and directed this film. Oh he also did a little movie called #spotlight if you\xe2\x80\x99ve hea\xe2\x80\xa6 https://t.co/CdIeakzwS4',#disneyplus lang:en
2/8/2020 23:44,1216,b'@radiodisney @_jimintoday_ @BTS_twt @taylorswift13 @ShawnMendes @disneyplus Obviously #RM from @BTS_twt \xf0\x9f\x92\x9c',#disneyplus lang:en
2/8/2020 23:42,1217,b'RT @AmazingNerdShow: New! Ep 109! This week we review #GretelAndHansel &amp,#disneyplus lang:en
2/8/2020 23:41,1218,b'RT @JessMarieGarcia: You have no idea how much this means to me \xe2\x99\xa5\xef\xb8\x8f thank you and I would have loved it when I was a kid too \xf0\x9f\xa5\xb0 #DiaryOfAFutu\xe2\x80\xa6',#disneyplus lang:en
2/8/2020 23:41,1219,b'@TheAcademy Snow White and the 7 dwarfs on #DisneyPlus',#disneyplus lang:en
2/8/2020 23:38,1220,b'@radiodisney @BTS_twt @taylorswift13 @ShawnMendes @disneyplus RM or baby yoda ..sorry shawn',#disneyplus lang:en
2/8/2020 23:37,1221,b'RT @AmazingNerdShow: New! Ep 109! This week we review #GretelAndHansel &amp,#disneyplus lang:en
2/8/2020 23:35,1222,b'@Marvel @disneyplus yall know we want spectacular spider-man season 3 right',#disneyplus lang:en
2/8/2020 23:34,1223,b'@radiodisney @BTS_twt @taylorswift13 @ShawnMendes @disneyplus I think namjoon should host the Grammys',#disneyplus lang:en
2/8/2020 23:33,1224,"b""@radiodisney @BTS_twt @taylorswift13 @ShawnMendes @disneyplus See it HAS to be Namjoon or Baby Yoda. There's no in between.""",#disneyplus lang:en
2/8/2020 23:32,1225,b'@radiodisney @BTS_twt @taylorswift13 @ShawnMendes @disneyplus wait what https://t.co/RcB6JmL9ch',#disneyplus lang:en
2/8/2020 23:28,1226,"b'RT @ParkLY23: @radiodisney @BTS_twt @taylorswift13 @ShawnMendes @disneyplus If #RM from @BTS_twt hosted the #Oscars, all attendees and thos\xe2\x80\xa6'",#disneyplus lang:en
2/8/2020 23:26,1227,b'Does anyone else think classic movies on #DisneyPlus would be even better with the previews from the VHS tapes? \xf0\x9f\x98\x82\xf0\x9f\x99\x8b\xf0\x9f\x8f\xbc\xe2\x80\x8d\xe2\x99\x80\xef\xb8\x8f',#disneyplus lang:en
2/8/2020 23:24,1228,b'@radiodisney @BTS_twt @taylorswift13 @ShawnMendes @disneyplus #RM from @BTS_twt Should win',#disneyplus lang:en
2/8/2020 23:24,1229,"b'Having just finally gotten around to watching Auto Focus, I\xe2\x80\x99m really disappointed a quick search on @disneyplus for\xe2\x80\xa6 https://t.co/VLj4eWLIWd'",#disneyplus lang:en
2/8/2020 23:24,1230,b'@radiodisney @BTS_twt @taylorswift13 @ShawnMendes @disneyplus RM our president leader has a very eloquent and brill\xe2\x80\xa6 https://t.co/Jd5yyKS6CC',#disneyplus lang:en
2/8/2020 23:23,1231,b'@BadjatiaRahul @disneyplus Too soon',#disneyplus lang:en
2/8/2020 23:23,1232,b'RT @kaninkookie: @radiodisney @BTS_twt @taylorswift13 @ShawnMendes @disneyplus I think we all know who https://t.co/HzhNmyC0Mr',#disneyplus lang:en
2/8/2020 23:22,1233,b'@radiodisney @BTS_twt @taylorswift13 @ShawnMendes @disneyplus #RM namjoon of course',#disneyplus lang:en
2/8/2020 23:17,1234,b'RT @JessMarieGarcia: You have no idea how much this means to me \xe2\x99\xa5\xef\xb8\x8f thank you and I would have loved it when I was a kid too \xf0\x9f\xa5\xb0 #DiaryOfAFutu\xe2\x80\xa6',#disneyplus lang:en
2/8/2020 23:15,1235,b'@radiodisney @BTS_twt @taylorswift13 @ShawnMendes @disneyplus #RM from @bts_twt should host!!!!!',#disneyplus lang:en
2/8/2020 23:15,1236,b'#TimmyFailure is a pretty funny movie on @disneyplus if you trying to find something to watch this weekend or whenever',#disneyplus lang:en
2/8/2020 23:14,1237,b'@TheKalenAllen Me: immediately turns on @disneyplus',#disneyplus lang:en
2/8/2020 23:14,1238,"b'RT @DisneyStudios: Winslow Fegley, the star of Timmy Failure: Mistakes Were Made, takes on the #Sundance Film Festival. Stream the Original\xe2\x80\xa6'",#disneyplus lang:en
2/8/2020 23:12,1239,b'RT @SofiaWylie: What time is it? It\xe2\x80\x99s almost time to announce something about season 2 of #HSMTMTS. Are all you Wildcats ready?\n@Disneyplus\xe2\x80\xa6',#disneyplus lang:en
2/8/2020 23:10,1240,"b""@radiodisney @divaharu @BTS_twt @taylorswift13 @ShawnMendes @disneyplus Any other Army's think Tay had the @BTS_twt  symbol on her chest?""",#disneyplus lang:en
2/8/2020 23:08,1241,b'@radiodisney @BTS_twt @taylorswift13 @ShawnMendes @disneyplus I love one of them but none of them',#disneyplus lang:en
2/8/2020 23:07,1242,b'My view for the next hour or so:\n#xmen #xmencomics #disneyplus #disney #marvel #marvelstudios https://t.co/JMM3MJ14FB',#disneyplus lang:en
2/8/2020 23:06,1243,b'@KeithMalinak @RokuSupport @hulu @disneyplus @BlazeTV @Roku Bought a Roku today to watch Disney+ and The Blaze. Our\xe2\x80\xa6 https://t.co/lnbVu5VBu8',#disneyplus lang:en
2/8/2020 23:06,1244,b'@disneyplus Disney doing reality shows now. Why am I not surprised. Just one more reason for me to never buy a subscription.',#disneyplus lang:en
2/8/2020 23:05,1245,b'@radiodisney @BTS_twt @taylorswift13 @ShawnMendes @disneyplus #RM from @BTS_twt',#disneyplus lang:en
2/8/2020 23:04,1246,"b'RT @DisneyStudios: \xe2\x80\x9cI am the CEO of my own detective agency.\xe2\x80\x9d Timmy Failure: Mistakes Were Made, an Original Movie, is now streaming on #Di\xe2\x80\xa6'",#disneyplus lang:en
2/8/2020 23:03,1247,"b'RT @DisneyStudios: Winslow Fegley, the star of Timmy Failure: Mistakes Were Made, takes on the #Sundance Film Festival. Stream the Original\xe2\x80\xa6'",#disneyplus lang:en
2/8/2020 23:02,1248,b'@radiodisney @BTS_twt @taylorswift13 @ShawnMendes @disneyplus NAMJOON\xe2\x9d\x97\xef\xb8\x8f\xe2\x9d\x97\xef\xb8\x8f\xe2\x9d\x97\xef\xb8\x8f\xe2\x9d\x97\xef\xb8\x8f obviously \xf0\x9f\x99\x84\xf0\x9f\x98\x82\xf0\x9f\x98\x82\xf0\x9f\x98\x82#RM',#disneyplus lang:en
2/8/2020 23:02,1249,b'@radiodisney @BTS_twt @taylorswift13 @ShawnMendes @disneyplus You obviously already know he\xe2\x80\x99s number 1 so let\xe2\x80\x99s go w that',#disneyplus lang:en
2/8/2020 23:01,1250,b'@radiodisney @sorafirstlove @BTS_twt @taylorswift13 @ShawnMendes @disneyplus President #RM from @BTS_twt please!! \xf0\x9f\x99\x8b\xf0\x9f\x8f\xbc\xe2\x80\x8d\xe2\x99\x80\xef\xb8\x8f\xf0\x9f\x92\x9c',#disneyplus lang:en
2/8/2020 23:00,1251,"b'@disneyplus Craig Robinson\xe2\x9c\x94\nWallace Shawn\xe2\x9c\x94\nEverything else,including you contacting me via a DM\xf0\x9f\x92\xa9'",#disneyplus lang:en
2/8/2020 23:00,1252,"b'@radiodisney @BTS_twt @taylorswift13 @ShawnMendes @disneyplus You don\xe2\x80\x99t choose one member of bts, you choose all. I\xe2\x80\xa6 https://t.co/ihDraLLZAj'",#disneyplus lang:en
2/8/2020 22:59,1253,b'@LKyanks @joshuaxbassett @disneyplus @TimFederle @joe_serafini_ @joshuatbassett @Olivia_Rodrigo @SofiaWylie\xe2\x80\xa6 https://t.co/7LCcMEDclS',#disneyplus lang:en
2/8/2020 22:58,1254,b'She puts on the costume and you know what happens next.... roll tape.. or roll @disneyplus https://t.co/cwiV59EZM9',#disneyplus lang:en
2/8/2020 22:57,1255,"b'RT @DisneyStudios: \xe2\x80\x9cMy partner is a 1,500 pound polar bear.\xe2\x80\x9d Timmy Failure: Mistakes Were Made, an Original Movie, is now streaming on #Dis\xe2\x80\xa6'",#disneyplus lang:en
2/8/2020 22:56,1256,b'RT @AmazingNerdShow: New! Ep 109! This week we review #GretelAndHansel &amp,#disneyplus lang:en
2/8/2020 22:55,1257,b'RT @AmazingNerdShow: New! Ep 109! This week we review #GretelAndHansel &amp,#disneyplus lang:en
2/8/2020 22:51,1258,b'@radiodisney @BTS_twt @taylorswift13 @ShawnMendes @disneyplus 4) Baby Yoda',#disneyplus lang:en
2/8/2020 22:50,1259,b'RT @perla_clariss: @radiodisney @BTS_twt @taylorswift13 @ShawnMendes @disneyplus 1. #RM from @BTS_twt https://t.co/NlplvMakKz',#disneyplus lang:en
2/8/2020 22:49,1260,b'RT @AmazingNerdShow: New! Ep 109! This week we review #GretelAndHansel &amp,#disneyplus lang:en
2/8/2020 22:48,1261,b'@LividEmerald @disneyplus That is a lot to expect when you write crap.',#disneyplus lang:en
2/8/2020 22:48,1262,b'@1GrumpyOldGamer @disneyplus @VuduFans Definitely',#disneyplus lang:en
2/8/2020 22:48,1263,b'RT @Laily_1031: @radiodisney @BTS_twt @taylorswift13 @ShawnMendes @disneyplus 1 all the way #RM #BTS',#disneyplus lang:en
2/8/2020 22:48,1264,b'RT @WGTherapy: It\xe2\x80\x99s time! We talk #StarWarsTheRiseofSkywalker in this session of @WGTherapy. Also #Oscars2020 and @WGAWest Award #nominatio\xe2\x80\xa6',#disneyplus lang:en
2/8/2020 22:47,1265,b'RT @ComicBook_Movie: MARVEL FUTURE AVENGERS Anime Series Assembles On Disney+ On February 28\n#MarvelFutureAvengers #DisneyPlus\nhttps://t.co\xe2\x80\xa6',#disneyplus lang:en
2/8/2020 22:47,1266,b'@radiodisney @BTS_twt @taylorswift13 @ShawnMendes @disneyplus I think we all know who https://t.co/HzhNmyC0Mr',#disneyplus lang:en
2/8/2020 22:47,1267,"b'@disneyplus hire him, damn it https://t.co/hVoxMH3AUC'",#disneyplus lang:en
2/8/2020 22:45,1268,b'@radiodisney @BTS_twt @taylorswift13 @ShawnMendes @disneyplus One for sure. Joonniieeeeeew',#disneyplus lang:en
2/8/2020 22:44,1269,b'@disneyplus Wait Timmy and his bear thats his imaginary best friend \xf0\x9f\xa5\xb0 #TimmyFailure #darkmode https://t.co/e6pThI2VeR',#disneyplus lang:en
2/8/2020 22:43,1270,"b'Um, wasn\xe2\x80\x99t that a show on like HGTV a few years ago? https://t.co/DuAUcbm8yf'",#disneyplus lang:en
2/8/2020 22:42,1271,b'@radiodisney @BTS_twt @taylorswift13 @ShawnMendes @disneyplus #RM from @BTS_twt\xf0\x9f\x92\x9c\xf0\x9f\x92\x9c\xf0\x9f\x92\x9c',#disneyplus lang:en
2/8/2020 22:42,1272,b'@radiodisney @BTS_twt @taylorswift13 @ShawnMendes @disneyplus #RM from @BTS_twt',#disneyplus lang:en
2/8/2020 22:41,1273,b'@radiodisney @BTS_twt @taylorswift13 @ShawnMendes @disneyplus Taylor Swift',#disneyplus lang:en
2/8/2020 22:41,1274,"b'RT @DisneyStudios: \xe2\x80\x9cMy partner is a 1,500 pound polar bear.\xe2\x80\x9d Timmy Failure: Mistakes Were Made, an Original Movie, is now streaming on #Dis\xe2\x80\xa6'",#disneyplus lang:en
2/8/2020 22:39,1275,b'RT @AmazingNerdShow: New! Ep 109! This week we review #GretelAndHansel &amp,#disneyplus lang:en
2/8/2020 22:39,1276,b'@disneyplus My mind autocorrected this to \xe2\x80\x9cwhole lotta gang shit here\xe2\x80\x9d and I\xe2\x80\x99m not surprised in the slightest',#disneyplus lang:en
2/8/2020 22:39,1277,b'Watching this new Lion King on @disneyplus Scar was sooo devious.',#disneyplus lang:en
2/8/2020 22:37,1278,b'You have no idea how much this means to me \xe2\x99\xa5\xef\xb8\x8f thank you and I would have loved it when I was a kid too \xf0\x9f\xa5\xb0\xe2\x80\xa6 https://t.co/ENzfdpEAo0',#disneyplus lang:en
2/8/2020 22:36,1279,b'@radiodisney @BTS_twt @taylorswift13 @ShawnMendes @disneyplus Umm.... Are we just not gonna choose Baby Yoda cuuuuz Baby Yoda',#disneyplus lang:en
2/8/2020 22:36,1280,"b'RT @ParkLY23: @radiodisney @BTS_twt @taylorswift13 @ShawnMendes @disneyplus If #RM from @BTS_twt hosted the #Oscars, all attendees and thos\xe2\x80\xa6'",#disneyplus lang:en
2/8/2020 22:35,1281,b'@BenjaminSpider @disneyplus I count on an intelligent reader.',#disneyplus lang:en
2/8/2020 22:35,1282,b'RT @AmazingNerdShow: New! Ep 109! This week we review #GretelAndHansel &amp,#disneyplus lang:en
2/8/2020 22:34,1283,"b""Looking forward to @Stargirl on @disneyplus. One of my favorite books as a teen and very, very relatable. I can't w\xe2\x80\xa6 https://t.co/WHUdLlcpiB""",#disneyplus lang:en
2/8/2020 22:34,1284,b'@bruterlax @espn Holla at the @espn + @hulu @disneyplus bundle',#disneyplus lang:en
2/8/2020 22:34,1285,b'@radiodisney @BTS_twt @taylorswift13 @ShawnMendes @disneyplus RM OF COURSE !!',#disneyplus lang:en
2/8/2020 22:33,1286,b'@radiodisney @BTS_twt @taylorswift13 @ShawnMendes @disneyplus How are you gonna make me chose between Taylor and RM\xe2\x80\xa6 https://t.co/ukY4AUEr3x',#disneyplus lang:en
2/8/2020 22:33,1287,"b""RT @KurtArthur12: I can't stop thinking about #TheBatman and #FalconandtheWinterSoldier!\n\n#MarvelStudios has some of the best source materi\xe2\x80\xa6""",#disneyplus lang:en
2/8/2020 22:32,1288,"b""@jmomakes @forlath @disneyplus Right?! I mean, if money is no object, I'd just buy digital copies of, like, ALL THE\xe2\x80\xa6 https://t.co/1szOQtGjJP""",#disneyplus lang:en
2/8/2020 22:30,1289,"b'@ByEricaCameron @forlath @disneyplus I think, unless money is no object, (and even then, c\xe2\x80\x99mon!) its the only way to go!'",#disneyplus lang:en
2/8/2020 22:28,1290,b'RT @AmazingNerdShow: New! Ep 109! This week we review #GretelAndHansel &amp,#disneyplus lang:en
2/8/2020 22:28,1291,"b'RT @DisneyStudios: Winslow Fegley, the star of Timmy Failure: Mistakes Were Made, takes on the #Sundance Film Festival. Stream the Original\xe2\x80\xa6'",#disneyplus lang:en
2/8/2020 22:28,1292,b'RT @OGKingJulian94_: I officially got Disney+ for Star Wars #TheMandalorian but once I heard #TheCloneWars was Saved/getting a continuation\xe2\x80\xa6',#disneyplus lang:en
2/8/2020 22:27,1293,b'RT @AmazingNerdShow: New! Ep 109! This week we review #GretelAndHansel &amp,#disneyplus lang:en
2/8/2020 22:27,1294,b'@radiodisney @BTS_twt @taylorswift13 @ShawnMendes @disneyplus Shawn Mendes and baby Yoda! @ShawnMendes @radiodisney',#disneyplus lang:en
2/8/2020 22:27,1295,b'@radiodisney @BTS_twt @taylorswift13 @ShawnMendes @disneyplus #RM  The cute one! https://t.co/k6rkNajgde',#disneyplus lang:en
2/8/2020 22:27,1296,"b""I can't stop thinking about #TheBatman and #FalconandtheWinterSoldier!\n\n#MarvelStudios has some of the best source\xe2\x80\xa6 https://t.co/9avE8JaZ2B""",#disneyplus lang:en
2/8/2020 22:26,1297,b'@radiodisney @BTS_twt @taylorswift13 @ShawnMendes @disneyplus Tough choice between RM and Baby Yoda.. but omg as I\xe2\x80\xa6 https://t.co/CYeET8MeIi',#disneyplus lang:en
2/8/2020 22:26,1298,b'RT @AmazingNerdShow: New! Ep 109! This week we review #GretelAndHansel &amp,#disneyplus lang:en
2/8/2020 22:26,1299,"b""@jmomakes @forlath @disneyplus I think that'll be the trick going forward. Get one or two services you like enough\xe2\x80\xa6 https://t.co/oHQDPDFmoB""",#disneyplus lang:en
2/8/2020 22:25,1300,b'RT @AmazingNerdShow: New! Ep 109! This week we review #GretelAndHansel &amp,#disneyplus lang:en
2/8/2020 22:25,1301,b'RT @AmazingNerdShow: New! Ep 109! This week we review #GretelAndHansel &amp,#disneyplus lang:en
2/8/2020 22:25,1302,b'@radiodisney @BTS_twt @taylorswift13 @ShawnMendes @disneyplus 1 all the way #RM #BTS',#disneyplus lang:en
2/8/2020 22:24,1303,b'@radiodisney @BTS_twt @taylorswift13 @ShawnMendes @disneyplus I mean.... the answer is obvious. https://t.co/2LGLDRO3r2',#disneyplus lang:en
2/8/2020 22:24,1304,b'Hey @disneyplus when are we getting Brandy and Mr Whiskers and Dave the Barbarian \xf0\x9f\x91\x80\xf0\x9f\x91\x80',#disneyplus lang:en
2/8/2020 22:23,1305,b'@disneyplus Sex sells. Disney knows this best!',#disneyplus lang:en
2/8/2020 22:22,1306,b'If you have @disneyplus make sure to go to @Pixar and watch Jack-Jack Attack! #explodingbaby https://t.co/jsDa3XhlWF',#disneyplus lang:en
2/8/2020 22:22,1307,b'@radiodisney @BTS_twt @taylorswift13 @ShawnMendes @disneyplus I think the host of the #Oscars is @taylorswift13!!!!\xe2\x80\xa6 https://t.co/rIfnq7Wtqk',#disneyplus lang:en
2/8/2020 22:22,1308,b'RT @atticgirl76: Want to see TIMMY FAILURE: MISTAKES WERE MADE @disneyplus in #Philadelphia?  #Free FCFS #Screening passes available for Mo\xe2\x80\xa6',#disneyplus lang:en
2/8/2020 22:22,1309,b'RT @DisneyD23: Make your next marathon an award-winning one! Every Oscar-winning movie you can watch on #DisneyPlus: https://t.co/pUuqVPyYO\xe2\x80\xa6',#disneyplus lang:en
2/8/2020 22:21,1310,b'RT @atticgirl76: Want to see TIMMY FAILURE: MISTAKES WERE MADE @disneyplus in #Philadelphia?  #Free FCFS #Screening passes available for Mo\xe2\x80\xa6',#disneyplus lang:en
2/8/2020 22:21,1311,b'RT @OGKingJulian94_: I officially got Disney+ for Star Wars #TheMandalorian but once I heard #TheCloneWars was Saved/getting a continuation\xe2\x80\xa6',#disneyplus lang:en
2/8/2020 22:19,1312,b'RT @ReezyRobyn: @radiodisney @BTS_twt @taylorswift13 @ShawnMendes @disneyplus RM and Baby Yoda as joint hosts',#disneyplus lang:en
2/8/2020 22:18,1313,b'RT @AmazingNerdShow: New! Ep 109! This week we review #GretelAndHansel &amp,#disneyplus lang:en
2/8/2020 22:16,1314,"b'RT @SceneNNerd: The #weekend is here. Listen to our #podcast! We recap #StarTrekPicard #TheFlash, news about #DoomPatrol + #Marvel on #Disn\xe2\x80\xa6'",#disneyplus lang:en
2/8/2020 22:15,1315,b'RT @AmazingNerdShow: New! Ep 109! This week we review #GretelAndHansel &amp,#disneyplus lang:en
2/8/2020 22:15,1316,b'@radiodisney @BTS_twt @taylorswift13 @ShawnMendes @disneyplus #RM because Spring day is an oscar worthy MV and Rm m\xe2\x80\xa6 https://t.co/B0KuWSaNRG',#disneyplus lang:en
2/8/2020 22:13,1317,"b""@disneyplus Inconceivable!  I love that Wallace Shawn is still alive and busy.  He's played a lot of my favorite characters.""",#disneyplus lang:en
2/8/2020 22:13,1318,b'New! Ep 109! This week we review #GretelAndHansel &amp,#disneyplus lang:en
2/8/2020 22:12,1319,b'RT @StanfordClark: Big fun to watch #TimmyFailure MISTAKES WERE MADE on #DisneyPlus this weekend. Wonderful to see this type of Disney film\xe2\x80\xa6',#disneyplus lang:en
2/8/2020 22:12,1320,b'@DiscussingMovie @disneyplus Y\xe2\x80\x99all better stop it',#disneyplus lang:en
2/8/2020 22:11,1321,"b'Hey, @disneyplus I have some free ideas for you:\n\nThat\xe2\x80\x99s So Raven does a cooking show. Hannah Montana does a cookin\xe2\x80\xa6 https://t.co/FNfOlZIwfa'",#disneyplus lang:en
2/8/2020 22:10,1322,b'@radiodisney @BTS_twt @taylorswift13 @ShawnMendes @disneyplus Baby Yoda.',#disneyplus lang:en
2/8/2020 22:09,1323,b'RT @ReezyRobyn: @radiodisney @BTS_twt @taylorswift13 @ShawnMendes @disneyplus RM and Baby Yoda as joint hosts',#disneyplus lang:en
2/8/2020 22:07,1324,b'@disneyplus when will The Owl House be on Disney +?',#disneyplus lang:en
2/8/2020 22:07,1325,b'@radiodisney @BTS_twt @taylorswift13 @ShawnMendes @disneyplus RM FOR SURE',#disneyplus lang:en
2/8/2020 22:07,1326,b'@radiodisney @BTS_twt @taylorswift13 @ShawnMendes @disneyplus #RM from @BTS_twt \xf0\x9f\x92\x9c',#disneyplus lang:en
2/8/2020 22:05,1327,"b""RT @DisneyChannelPR: #HighSchoolMusical: The Musical: The Series cast &amp; producers forecast what's in store for original HSM fans &amp; new view\xe2\x80\xa6""",#disneyplus lang:en
2/8/2020 22:05,1328,b'@ByEricaCameron @forlath @disneyplus I think that seems sensible. I don\xe2\x80\x99t think we would watch it regularly. I am s\xe2\x80\xa6 https://t.co/B47oAgh7yu',#disneyplus lang:en
2/8/2020 22:03,1329,b'@JohnStamos @disneyplus Well this is disappointing',#disneyplus lang:en
2/8/2020 22:03,1330,"b""I'm disappointed in @disneyplus for not remastering Dinosaur. It would of been great in 4K.""",#disneyplus lang:en
2/8/2020 22:02,1331,b'@radiodisney @BTS_twt @taylorswift13 @ShawnMendes @disneyplus guess lmao',#disneyplus lang:en
2/8/2020 22:01,1332,"b'RT @DisneyStudios: Winslow Fegley, the star of Timmy Failure: Mistakes Were Made, takes on the #Sundance Film Festival. Stream the Original\xe2\x80\xa6'",#disneyplus lang:en
2/8/2020 22:01,1333,"b'@devbyaccident @disneyplus Honestly, the rise of Palpatine would also be cool.'",#disneyplus lang:en
2/8/2020 22:01,1334,b'RT @AmazingNerdShow: New! Ep 109! This week we review #GretelAndHansel &amp,#disneyplus lang:en
2/8/2020 21:59,1335,"b'RT @DisneyStudios: \xe2\x80\x9cI am the CEO of my own detective agency.\xe2\x80\x9d Timmy Failure: Mistakes Were Made, an Original Movie, is now streaming on #Di\xe2\x80\xa6'",#disneyplus lang:en
2/8/2020 21:59,1336,b'@radiodisney @BTS_twt @taylorswift13 @ShawnMendes @disneyplus RM! Please!! \xf0\x9f\x92\x9c\xf0\x9f\xa5\xba',#disneyplus lang:en
2/8/2020 21:59,1337,"b""@jmomakes @forlath @disneyplus It's worth turning on and off as you want to watch new series? My roommate has it an\xe2\x80\xa6 https://t.co/ERGnUjNFcQ""",#disneyplus lang:en
2/8/2020 21:58,1338,b'@radiodisney @BTS_twt @taylorswift13 @ShawnMendes @disneyplus Kim Namjoon please!!',#disneyplus lang:en
2/8/2020 21:58,1339,"b'RT @ParkLY23: @radiodisney @BTS_twt @taylorswift13 @ShawnMendes @disneyplus If #RM from @BTS_twt hosted the #Oscars, all attendees and thos\xe2\x80\xa6'",#disneyplus lang:en
2/8/2020 21:58,1340,b'RT @alaahis25750361: @radiodisney @BTS_twt @taylorswift13 @ShawnMendes @disneyplus 1.#RM form @BTS_twt',#disneyplus lang:en
2/8/2020 21:57,1341,b'@radiodisney @BTS_twt @taylorswift13 @ShawnMendes @disneyplus #RM FROM @BTS_twt! He is the best person that you cou\xe2\x80\xa6 https://t.co/jI9JYkXgJf',#disneyplus lang:en
2/8/2020 21:57,1342,b'@radiodisney @BTS_twt @taylorswift13 @ShawnMendes @disneyplus How is this even a question Kim Namjoon Obviously https://t.co/cIeIEGEhIQ',#disneyplus lang:en
2/8/2020 21:57,1343,b'@jforn11 @disneyplus Jess has never seen it so she wanted to start it now that it\xe2\x80\x99s all on there.',#disneyplus lang:en
2/8/2020 21:55,1344,"b'RT @DisneyStudios: \xe2\x80\x9cMy partner is a 1,500 pound polar bear.\xe2\x80\x9d Timmy Failure: Mistakes Were Made, an Original Movie, is now streaming on #Dis\xe2\x80\xa6'",#disneyplus lang:en
2/8/2020 21:54,1345,b'RT @alaahis25750361: @radiodisney @BTS_twt @taylorswift13 @ShawnMendes @disneyplus 1.#RM form @BTS_twt',#disneyplus lang:en
2/8/2020 21:54,1346,"b'RT @DisneyStudios: Winslow Fegley, the star of Timmy Failure: Mistakes Were Made, takes on the #Sundance Film Festival. Stream the Original\xe2\x80\xa6'",#disneyplus lang:en
2/8/2020 21:53,1347,b'@jforn11 @disneyplus I wanna know too.  I\xe2\x80\x99m waiting to start it until it\xe2\x80\x99s fixed.',#disneyplus lang:en
2/8/2020 21:53,1348,"b""@Roku Is there an issue launching some apps on Roku? I can't launch @hulu or @disneyplus on my element roku tv""",#disneyplus lang:en
2/8/2020 21:53,1349,b'RT @atticgirl76: Want to see TIMMY FAILURE: MISTAKES WERE MADE @disneyplus in #Philadelphia?  #Free FCFS #Screening passes available for Mo\xe2\x80\xa6',#disneyplus lang:en
2/8/2020 21:53,1350,b'Shortage Of In-Demand Real-Life Stories Ignites Bidding War Between Streamers. Blue Sky Lightning Has A Solution.\xe2\x80\xa6 https://t.co/sHW9yjvbih',#disneyplus lang:en
2/8/2020 21:53,1351,"b""@radiodisney @BTS_twt @taylorswift13 @ShawnMendes @disneyplus #RM there's no other candidate https://t.co/5mC6WRYUIK""",#disneyplus lang:en
2/8/2020 21:51,1352,b'RT @patriotgirl5: DID YOU KNOW THAT @netflix HAS NOW KILLED ITS TOP 2 SHOWS - @Stranger_Things and @LuciferNetflix. Netflix must be feeling\xe2\x80\xa6',#disneyplus lang:en
2/8/2020 21:50,1353,b'@DiscussingMovie @disneyplus Don\xe2\x80\x99t get it wet.\nDon\xe2\x80\x99t expose it to bright light.\nDon\xe2\x80\x99t feed it after midnight.\n\nHOW\xe2\x80\xa6 https://t.co/IgmRCP0NqZ',#disneyplus lang:en
2/8/2020 21:49,1354,b'Very cute movie! https://t.co/XK1tGtD7oO',#disneyplus lang:en
2/8/2020 21:49,1355,b'RT @alaahis25750361: @radiodisney @BTS_twt @taylorswift13 @ShawnMendes @disneyplus 1.#RM form @BTS_twt',#disneyplus lang:en
2/8/2020 21:49,1356,b'@radiodisney @BTS_twt @taylorswift13 @ShawnMendes @disneyplus baby yoda\xf0\x9f\x92\x93\xf0\x9f\x92\x93\xf0\x9f\x92\x93\xf0\x9f\x92\x93\xf0\x9f\x99\x8c\xf0\x9f\x8f\xbe',#disneyplus lang:en
2/8/2020 21:49,1357,b'@radiodisney @BTS_twt @taylorswift13 @ShawnMendes @disneyplus SF9 Kim Inseong!!! @SF9official https://t.co/DPcBeQW2CM',#disneyplus lang:en
2/8/2020 21:47,1358,"b'RT @ParkLY23: @radiodisney @BTS_twt @taylorswift13 @ShawnMendes @disneyplus If #RM from @BTS_twt hosted the #Oscars, all attendees and thos\xe2\x80\xa6'",#disneyplus lang:en
2/8/2020 21:47,1359,"b'@radiodisney @BTS_twt @taylorswift13 @ShawnMendes @disneyplus Cut the cameras, deadass https://t.co/s2uqA219ZO'",#disneyplus lang:en
2/8/2020 21:46,1360,"b'RT @ParkLY23: @radiodisney @BTS_twt @taylorswift13 @ShawnMendes @disneyplus If #RM from @BTS_twt hosted the #Oscars, all attendees and thos\xe2\x80\xa6'",#disneyplus lang:en
2/8/2020 21:45,1361,b'@radiodisney @BTS_twt @taylorswift13 @ShawnMendes @disneyplus #RM FROM @BTS_twt',#disneyplus lang:en
2/8/2020 21:42,1362,"b'RT @DisneyStudios: Winslow Fegley, the star of Timmy Failure: Mistakes Were Made, takes on the #Sundance Film Festival. Stream the Original\xe2\x80\xa6'",#disneyplus lang:en
2/8/2020 21:41,1363,"b'@radiodisney @BTS_twt @taylorswift13 @ShawnMendes @disneyplus #RM OF COURSE, SHAWN SIT DOWN MISTER'",#disneyplus lang:en
2/8/2020 21:40,1364,"b'RT @EmilyGerren: Hey @disneyplus, if the subtitles can specify that someone in The Mandalorian is speaking Huttese, maybe in Moana they cou\xe2\x80\xa6'",#disneyplus lang:en
2/8/2020 21:40,1365,"b'@Marvel @disneyplus Hi is political correctness the reason that the only Spiderman and his amazing friends episode""\xe2\x80\xa6 https://t.co/TLB811mE1P'",#disneyplus lang:en
2/8/2020 21:40,1366,b'@dakthreign @disneyplus @VuduFans Good thing I have the Blu-ray\xe2\x80\x99s then',#disneyplus lang:en
2/8/2020 21:39,1367,b'@radiodisney @BTS_twt @taylorswift13 @ShawnMendes @disneyplus BROOOOOO IF IT\xe2\x80\x99S RM I WOULD LITERALLY \xf0\x9f\x98\xad\xf0\x9f\x98\xad\xf0\x9f\x98\xad\xf0\x9f\x92\x9c\xf0\x9f\x92\x9c\xf0\x9f\x92\x9c',#disneyplus lang:en
2/8/2020 21:38,1368,b'@disneyplus @MrCraigRobinson @DisneyStudios We want pirates of the Caribbean on stranger tides back',#disneyplus lang:en
2/8/2020 21:38,1369,"b""That said: Timmy Failure is available to stream now, and it's pretty charming. A more distinctive and unique film t\xe2\x80\xa6 https://t.co/Zp9d9IJCyr""",#disneyplus lang:en
2/8/2020 21:38,1370,b'@disneyplus @chillingmovies Bring this to Disney Plus god damn it https://t.co/ZlriFKTLVP',#disneyplus lang:en
2/8/2020 21:38,1371,b'@radiodisney @BTS_twt @taylorswift13 @ShawnMendes @disneyplus 1 always \xf0\x9f\x98\x8e',#disneyplus lang:en
2/8/2020 21:38,1372,"b'RT @DisneyStudios: Winslow Fegley, the star of Timmy Failure: Mistakes Were Made, takes on the #Sundance Film Festival. Stream the Original\xe2\x80\xa6'",#disneyplus lang:en
2/8/2020 21:38,1373,b'RT @alaahis25750361: @radiodisney @BTS_twt @taylorswift13 @ShawnMendes @disneyplus 1.#RM form @BTS_twt',#disneyplus lang:en
2/8/2020 21:38,1374,b'@radiodisney @BTS_twt @taylorswift13 @ShawnMendes @disneyplus #RM from @BTS_twt !!!\xf0\x9f\x92\x95\xf0\x9f\x92\x95\xf0\x9f\x92\x95\xf0\x9f\x92\x95',#disneyplus lang:en
2/8/2020 21:36,1375,b'@radiodisney @BTS_twt @taylorswift13 @ShawnMendes @disneyplus #RM from #BTS',#disneyplus lang:en
2/8/2020 21:36,1376,"b'Normal is for normal people \xe2\x80\x93 this film\xe2\x80\x99s for the weirdos! It\xe2\x80\x99s got a lot of deadpan humor, Portland quirkiness and\xe2\x80\xa6 https://t.co/MzqJ2DGrji'",#disneyplus lang:en
2/8/2020 21:35,1377,b'RT @OGKingJulian94_: I officially got Disney+ for Star Wars #TheMandalorian but once I heard #TheCloneWars was Saved/getting a continuation\xe2\x80\xa6',#disneyplus lang:en
2/8/2020 21:33,1378,b'RT @StanfordClark: Big fun to watch #TimmyFailure MISTAKES WERE MADE on #DisneyPlus this weekend. Wonderful to see this type of Disney film\xe2\x80\xa6',#disneyplus lang:en
2/8/2020 21:33,1379,"b'Man, I Never Realized How Funny #SmartGuy Is \xf0\x9f\xa4\xa3\xf0\x9f\x98\xad\xf0\x9f\x98\x82\xe2\x80\xbc\xef\xb8\x8f #DisneyPlus'",#disneyplus lang:en
2/8/2020 21:31,1380,b'RT @alaahis25750361: @radiodisney @BTS_twt @taylorswift13 @ShawnMendes @disneyplus 1.#RM form @BTS_twt',#disneyplus lang:en
2/8/2020 21:31,1381,b'@AreuCathy @disneyplus What a wonderful interview!!! Great job Cristina!!!! I have to watch this show! Can you beli\xe2\x80\xa6 https://t.co/1yYQANsSfO',#disneyplus lang:en
2/8/2020 21:31,1382,b'My cousin Ai-Chan Carrier plays Corrina Corrina in this film! \xe2\x99\xa5\xef\xb8\x8f give it a watch with your kiddos. https://t.co/Ju9ub3fKST',#disneyplus lang:en
2/8/2020 21:28,1383,"b'@disneyplus please put \xe2\x80\x9cLife With Derek\xe2\x80\x9d on Disney Plus, that show was a GEM'",#disneyplus lang:en
2/8/2020 21:28,1384,"b""Timmy Failure? Y'all really just gonna make a movie bout me huh \xf0\x9f\x98\xad https://t.co/kU4BPN9WNA""",#disneyplus lang:en
2/8/2020 21:27,1385,b'RT @alaahis25750361: @radiodisney @BTS_twt @taylorswift13 @ShawnMendes @disneyplus 1.#RM form @BTS_twt',#disneyplus lang:en
2/8/2020 21:27,1386,b'uggghh yesss \xf0\x9f\x98\xa9 https://t.co/RQ0olgLKRJ',#disneyplus lang:en
2/8/2020 21:26,1387,b'@radiodisney @rmchartsdata @BTS_twt @taylorswift13 @ShawnMendes @disneyplus Mr president should ofc https://t.co/Htpcrtettk',#disneyplus lang:en
2/8/2020 21:24,1388,b'@disneyplus @MrCraigRobinson @DisneyStudios Inconceivable!',#disneyplus lang:en
2/8/2020 21:24,1389,b'@radiodisney @BTS_twt @taylorswift13 @ShawnMendes @disneyplus RM OFC HE DESERVES IT \xf0\x9f\x92\x9c @BTS_twt #RM',#disneyplus lang:en
2/8/2020 21:22,1390,b'@radiodisney @BTS_twt @taylorswift13 @ShawnMendes @disneyplus #RM from @BTS_twt https://t.co/1eJW2XeTJj',#disneyplus lang:en
2/8/2020 21:22,1391,b'@jacobdharen Genius! Make this happen @TimFederle and @disneyplus.',#disneyplus lang:en
2/8/2020 21:22,1392,b'@radiodisney @BTS_twt @taylorswift13 @ShawnMendes @disneyplus #RM #RM #RM #RM #RM #RM #RM should!',#disneyplus lang:en
2/8/2020 21:22,1393,b'@radiodisney @BTS_twt @taylorswift13 @ShawnMendes @disneyplus #RM from @BTS_twt \xf0\x9f\x92\x9c',#disneyplus lang:en
2/8/2020 21:22,1394,b'Big fun to watch #TimmyFailure MISTAKES WERE MADE on #DisneyPlus this weekend. Wonderful to see this type of Disney\xe2\x80\xa6 https://t.co/I5b2aFfdEn',#disneyplus lang:en
2/8/2020 21:20,1395,b'@radiodisney @BTS_twt @taylorswift13 @ShawnMendes @disneyplus #rm from @BTS_twt',#disneyplus lang:en
2/8/2020 21:20,1396,"b'Just watched it this morning, really cute movie https://t.co/u2FijJGTXl'",#disneyplus lang:en
2/8/2020 21:19,1397,"b'RT @DisneyStudios: Winslow Fegley, the star of Timmy Failure: Mistakes Were Made, takes on the #Sundance Film Festival. Stream the Original\xe2\x80\xa6'",#disneyplus lang:en
2/8/2020 21:19,1398,b'RT @alaahis25750361: @radiodisney @BTS_twt @taylorswift13 @ShawnMendes @disneyplus 1.#RM form @BTS_twt',#disneyplus lang:en
2/8/2020 21:19,1399,b'@disneyplus @MrCraigRobinson @DisneyStudios Beary nice tweet.',#disneyplus lang:en
2/8/2020 21:19,1400,b'@radiodisney @BTS_twt @taylorswift13 @ShawnMendes @disneyplus 1. #RM from @BTS_twt https://t.co/NlplvMakKz',#disneyplus lang:en
